City_ID,City,Country,Lat,Lng,Max Temp,Humidity,Cloudiness,Wind Speed,Current Description
0,Clyde River,CA,70.4692,-68.5914,-7.37,84,100,28.77,snow
1,Majenang,ID,-7.2975,108.7642,76.91,93,100,0.74,overcast clouds
2,Bengkulu,ID,-3.8004,102.2655,75.76,90,100,3.94,overcast clouds
3,Bethel,US,41.3712,-73.414,23.56,51,0,9.22,clear sky
4,Valley,US,45.1277,-116.1262,24.6,74,17,1.36,few clouds
5,Bud,US,39.447,-86.1758,20.86,56,0,2.3,clear sky
6,Vaini,TO,-21.2,-175.2,87.96,74,20,6.91,few clouds
7,Arraial Do Cabo,BR,-22.9661,-42.0278,78.76,73,0,13.8,clear sky
8,Samarai,PG,-10.6167,150.6667,84.96,71,100,4.25,overcast clouds
9,Ponta Do Sol,PT,32.6667,-17.1,60.71,67,79,6.89,broken clouds
10,Ushuaia,AR,-54.8,-68.3,51.46,71,75,32.21,broken clouds
11,Bintulu,MY,3.1667,113.0333,75.61,94,40,0.0,light rain
12,Verkhnyaya Inta,RU,65.9811,60.3094,6.82,95,100,5.23,overcast clouds
13,Harwich,GB,51.9419,1.2844,42.57,82,56,10.0,broken clouds
14,Jamestown,US,42.097,-79.2353,12.72,72,100,6.91,overcast clouds
15,Yellowknife,CA,62.456,-114.3525,4.41,89,75,0.0,light snow
16,Ha Tinh,VN,18.3333,105.9,68.61,94,43,2.08,scattered clouds
17,Albany,US,42.6001,-73.9662,15.75,54,12,8.99,few clouds
18,Sur,OM,22.5667,59.5289,66.6,52,5,2.75,clear sky
19,Souillac,MU,-20.5167,57.5167,71.37,83,20,3.44,light rain
20,Krasnoselkup,RU,65.7,82.4667,-4.04,96,100,17.54,overcast clouds
21,Tubuala,PA,9.5167,-79.0333,84.31,82,98,13.11,overcast clouds
22,Mataura,NZ,-46.1927,168.8643,57.47,46,60,8.01,broken clouds
23,Port Elizabeth,ZA,-33.918,25.5701,68.09,94,100,9.22,light intensity drizzle
24,Katsuura,JP,35.1333,140.3,46.51,63,79,13.35,broken clouds
25,Tasiilaq,GL,65.6145,-37.6368,17.76,79,100,6.17,overcast clouds
26,Sioux Lookout,CA,50.1001,-91.917,17.98,86,100,10.36,overcast clouds
27,Mahebourg,MU,-20.4081,57.7,68.29,83,20,3.44,few clouds
28,Acari,PE,-15.4311,-74.6158,73.08,76,28,5.64,scattered clouds
29,Salinas,US,36.6777,-121.6555,70.0,51,0,9.22,clear sky
30,Bosobolo,CD,4.1833,19.9,74.97,31,100,0.74,overcast clouds
31,Punta Arenas,CL,-53.15,-70.9167,53.71,71,40,27.63,scattered clouds
32,East London,ZA,-33.0153,27.9116,73.78,91,75,3.29,broken clouds
33,Avarua,CK,-21.2078,-159.775,82.45,89,75,13.8,broken clouds
34,Skegness,GB,53.1436,0.3363,45.97,86,88,20.87,overcast clouds
35,New Norfolk,AU,-42.7826,147.0587,72.66,52,100,3.0,moderate rain
36,Vanimo,PG,-2.6741,141.3028,81.63,83,100,0.76,light rain
37,Lavrentiya,RU,65.5833,-171.0,-18.49,89,29,5.68,scattered clouds
38,Busselton,AU,-33.65,115.3333,66.04,63,3,13.89,clear sky
39,Puerto Ayora,EC,-0.7393,-90.3518,74.26,86,78,8.79,broken clouds
40,Port Alfred,ZA,-33.5906,26.891,72.64,92,95,3.33,overcast clouds
41,Laerdalsoyri,NO,61.098,7.4816,37.94,97,99,5.84,light rain
42,Rikitea,PF,-23.1203,-134.9692,78.44,77,9,17.16,clear sky
43,Atar,MR,20.5169,-13.0499,65.17,45,1,8.7,clear sky
44,Jingdezhen,CN,29.2947,117.2079,44.15,96,100,3.85,overcast clouds
45,Castro,BR,-24.7911,-50.0119,69.8,85,84,1.57,broken clouds
46,Watertown,US,42.3709,-71.1828,21.85,40,0,1.99,clear sky
47,Svetlyy,RU,54.675,20.1347,41.05,90,99,17.11,overcast clouds
48,Axim,GH,4.8699,-2.2405,79.05,87,0,5.37,clear sky
49,Kissidougou,GN,9.1848,-10.0999,70.25,21,25,2.48,scattered clouds
50,Lagoa,PT,39.05,-27.9833,58.64,79,8,12.28,clear sky
51,Dikson,RU,73.5069,80.5464,13.26,93,100,27.81,light snow
52,Bad Nauheim,DE,50.3646,8.7386,36.68,84,95,1.01,overcast clouds
53,Gazojak,TM,41.1875,61.4036,31.3,72,0,11.07,clear sky
54,Upernavik,GL,72.7868,-56.1549,9.72,88,93,26.96,light snow
55,Yeppoon,AU,-23.1333,150.7333,83.98,66,93,13.42,overcast clouds
56,Qaanaaq,GL,77.484,-69.3632,-8.48,61,74,8.14,broken clouds
57,Atuona,PF,-9.8,-139.0333,78.94,78,12,17.78,few clouds
58,Sirjan,IR,29.452,55.6814,45.77,53,0,7.16,clear sky
59,Butaritari,KI,3.0707,172.7902,81.93,78,52,13.09,broken clouds
60,Bluff,NZ,-46.6,168.3333,57.79,56,85,10.07,overcast clouds
61,Nhamunda,BR,-2.1861,-56.7131,74.97,95,100,1.66,overcast clouds
62,Puerto Ayacucho,VE,5.6639,-67.6236,89.38,47,100,1.01,overcast clouds
63,San Cristobal,VE,7.7669,-72.225,75.38,82,100,1.74,overcast clouds
64,Mount Gambier,AU,-37.8333,140.7667,80.51,65,11,11.5,few clouds
65,Lebu,CL,-37.6167,-73.65,60.8,82,0,10.25,clear sky
66,Saint-Andre-Les-Vergers,FR,48.2853,4.0521,32.07,93,90,3.44,mist
67,Port Hardy,CA,50.6996,-127.4199,41.76,87,75,6.91,broken clouds
68,Hobart,AU,-42.8794,147.3294,73.02,61,75,5.01,broken clouds
69,Bredasdorp,ZA,-34.5322,20.0403,64.27,88,91,2.3,overcast clouds
70,Kenai,US,60.5544,-151.2583,24.15,80,1,8.05,clear sky
71,Aklavik,CA,68.2191,-135.0107,0.43,71,100,10.36,overcast clouds
72,Cassilandia,BR,-19.1133,-51.7342,76.32,73,85,3.27,overcast clouds
73,Cape Town,ZA,-33.9258,18.4232,68.41,78,0,1.01,clear sky
74,Asau,RO,46.4333,26.4,29.32,86,98,6.51,overcast clouds
75,Tezu,IN,27.9167,96.1667,55.6,68,97,2.59,overcast clouds
76,Hermanus,ZA,-34.4187,19.2345,64.8,81,67,10.87,broken clouds
77,Kapaa,US,22.0752,-159.319,79.12,71,20,1.01,few clouds
78,Severo-Kurilsk,RU,50.6789,156.125,26.29,74,91,24.99,overcast clouds
79,Ostrovnoy,RU,68.0531,39.5131,9.66,93,27,17.74,scattered clouds
80,Itarema,BR,-2.9248,-39.9167,77.97,86,100,8.72,light rain
81,San Patricio,US,28.017,-97.5169,62.55,70,66,8.28,broken clouds
82,Kaz,RU,52.9113,87.3105,12.72,97,100,3.04,overcast clouds
83,Mahibadhoo,MV,3.7833,72.9667,79.63,66,89,13.87,overcast clouds
84,Vestmanna,FO,62.1564,-7.1664,34.72,87,75,27.63,broken clouds
85,Tiksi,RU,71.6872,128.8694,0.09,88,37,17.81,scattered clouds
86,Jalpan,MX,21.2333,-99.4833,64.87,75,86,4.9,overcast clouds
87,Luderitz,NA,-26.6481,15.1594,69.49,67,9,19.28,clear sky
88,Cayenne,GF,4.9333,-52.3333,75.24,94,100,3.44,overcast clouds
89,San Carlos De Bariloche,AR,-41.1456,-71.3082,80.35,28,40,12.66,scattered clouds
90,Faro,PT,37.0194,-7.9322,56.98,62,20,10.36,few clouds
91,Port Hedland,AU,-20.3167,118.5667,86.05,74,40,11.5,scattered clouds
92,Panuco,MX,22.05,-98.1667,66.04,66,100,4.74,overcast clouds
93,San Quintin,MX,30.4833,-115.95,61.02,62,100,10.25,overcast clouds
94,Torbay,CA,47.6666,-52.7314,36.57,97,75,5.75,light rain
95,Ous,RU,60.9058,61.5186,-4.97,100,97,2.75,overcast clouds
96,Hilo,US,19.7297,-155.09,80.33,65,40,9.22,scattered clouds
97,Dzhebariki-Khaya,RU,62.2167,135.8,-45.65,100,71,0.34,broken clouds
98,Sola,VU,-13.8833,167.55,86.67,79,40,6.91,scattered clouds
99,Esperance,AU,-33.8667,121.9,64.24,82,90,6.4,overcast clouds
100,Bubaque,GW,11.2833,-15.8333,78.8,64,71,10.45,broken clouds
101,Hovd,MN,48.0056,91.6419,-13.7,79,45,2.82,scattered clouds
102,Riyadh,SA,24.6877,46.7219,62.74,31,0,13.89,clear sky
103,Caibarien,CU,22.5206,-79.4669,75.29,74,0,4.85,clear sky
104,Carnarvon,AU,-24.8667,113.6333,75.27,78,90,18.41,overcast clouds
105,Rio Branco,BR,-9.9747,-67.81,84.81,70,40,2.3,scattered clouds
106,Husavik,IS,66.0449,-17.3389,30.11,71,100,10.94,overcast clouds
107,Tolaga Bay,NZ,-38.3667,178.3,61.97,80,70,17.76,broken clouds
108,Eyl,SO,7.9803,49.8164,69.53,72,10,12.93,clear sky
109,Alta Floresta,BR,-9.8756,-56.0861,72.27,96,100,3.83,overcast clouds
110,Eskisehir,TR,39.7767,30.5206,12.52,97,77,6.24,light snow
111,Jiuquan,CN,39.7432,98.5174,17.28,47,100,3.4,overcast clouds
112,Haines Junction,CA,60.7522,-137.5108,19.35,79,100,1.14,overcast clouds
113,Puerto Escondido,MX,15.85,-97.0667,80.15,62,4,2.17,clear sky
114,Hamilton,US,39.1834,-84.5333,21.97,55,0,0.0,clear sky
115,Tomatlan,MX,19.9333,-105.25,80.19,51,98,5.84,overcast clouds
116,Serowe,BW,-22.3833,26.7167,66.36,90,100,15.5,light rain
117,Gunjur,GM,13.2019,-16.7339,75.13,51,83,15.5,broken clouds
118,Bathsheba,BB,13.2167,-59.5167,75.81,78,75,8.05,broken clouds
119,Flinders,AU,-34.5833,150.8552,80.06,61,77,7.0,broken clouds
120,Saskylakh,RU,71.9167,114.0833,-5.24,89,70,6.64,broken clouds
121,Charters Towers,AU,-20.1,146.2667,76.87,82,100,8.1,light rain
122,Brae,GB,60.3964,-1.353,46.31,87,96,28.1,overcast clouds
123,Hambantota,LK,6.1241,81.1185,71.73,85,91,7.54,overcast clouds
124,Gimli,CA,50.6336,-96.9907,23.43,68,100,10.36,overcast clouds
125,Manthani,IN,18.65,79.6667,56.62,51,1,6.67,clear sky
126,Waddan,LY,29.1614,16.139,43.38,62,3,4.0,clear sky
127,Nikolskoye,RU,59.7035,30.7861,25.88,91,100,9.89,light snow
128,Chuy,UY,-33.6971,-53.4616,70.29,92,100,9.98,overcast clouds
129,Lopsmarka,NO,67.3134,14.4493,33.69,91,100,1.99,overcast clouds
130,Muros,ES,42.7762,-9.0603,49.23,77,0,8.93,clear sky
131,Taksimo,RU,56.3444,114.8794,-21.08,95,52,1.63,broken clouds
132,Kodiak,US,57.79,-152.4072,35.11,87,100,12.66,light snow
133,Hithadhoo,MV,-0.6,73.0833,81.52,74,100,22.15,overcast clouds
134,Bandundu,CD,-3.3167,17.3667,71.22,91,100,3.11,overcast clouds
135,Ancud,CL,-41.8697,-73.8203,74.73,76,0,0.98,clear sky
136,Jieshi,CN,22.8134,115.8257,65.95,88,79,12.08,broken clouds
137,Lorengau,PG,-2.0226,147.2712,83.07,79,99,6.78,overcast clouds
138,Vancouver,CA,49.2497,-123.1193,43.11,90,75,1.99,broken clouds
139,Carballo,ES,43.213,-8.691,46.67,88,0,3.06,clear sky
140,Kaitangata,NZ,-46.2817,169.8464,56.93,52,40,14.43,scattered clouds
141,Amapa,BR,1.0,-52.0,71.2,99,100,1.77,overcast clouds
142,Deputatskiy,RU,69.3,139.9,-13.36,94,100,5.26,overcast clouds
143,Sitka,US,57.0531,-135.33,37.29,87,40,8.05,scattered clouds
144,Klaksvik,FO,62.2266,-6.589,36.52,82,100,31.36,overcast clouds
145,Coquimbo,CL,-29.9533,-71.3436,64.13,72,0,12.66,clear sky
146,Fort Myers Beach,US,26.452,-81.9481,73.42,86,100,4.0,overcast clouds
147,Isangel,VU,-19.55,169.2667,86.11,84,75,4.61,moderate rain
148,Sao Joao Da Barra,BR,-21.6403,-41.0511,76.28,82,7,22.12,clear sky
149,Huarmey,PE,-10.0681,-78.1522,72.73,78,48,8.9,scattered clouds
150,Tenenkou,ML,14.4572,-4.9169,70.88,11,62,8.88,broken clouds
151,Puerto Baquerizo Moreno,EC,-0.9,-89.6,77.99,73,75,13.8,broken clouds
152,Bandarbeyla,SO,9.4942,50.8122,72.19,69,9,13.85,clear sky
153,Fortuna,US,40.5982,-124.1573,58.19,84,1,1.99,clear sky
154,Nha Trang,VN,12.25,109.1833,69.8,86,56,7.43,broken clouds
155,Nanortalik,GL,60.1432,-45.2371,18.34,73,100,13.73,overcast clouds
156,Provideniya,RU,64.3833,-173.3,-3.64,71,75,4.47,light snow
157,Gornopravdinsk,RU,60.05,69.9,3.34,96,99,5.48,overcast clouds
158,Nelson Bay,AU,-32.7167,152.15,80.96,58,46,3.0,scattered clouds
159,Kingisepp,RU,59.3733,28.6134,24.71,95,100,10.09,snow
160,Barreirinha,BR,-2.7933,-57.07,74.26,95,100,2.37,moderate rain
161,Constitucion,CL,-35.3333,-72.4167,59.32,93,10,7.52,clear sky
162,Ungheni,MD,47.2042,27.7958,32.95,92,100,0.0,light snow
163,Bocas Del Toro,PA,9.3333,-82.25,78.87,66,94,5.1,overcast clouds
164,Tommot,RU,58.9564,126.2925,-1.88,96,100,10.71,light snow
165,Moose Factory,CA,51.2585,-80.6094,8.6,66,100,25.32,overcast clouds
166,Saint-Augustin,CA,51.226,-58.6502,-3.73,83,19,12.48,few clouds
167,Daru,PG,-9.0763,143.2092,82.96,80,100,6.24,overcast clouds
168,Touba,CI,8.2833,-7.6833,72.82,19,2,1.39,clear sky
169,Pergamino,AR,-33.89,-60.5736,73.26,70,91,17.65,overcast clouds
170,Ahuimanu,US,21.4447,-157.8378,80.78,60,75,5.01,broken clouds
171,Cankuzo,BI,-3.1333,30.5833,58.98,89,98,2.46,overcast clouds
172,Bambous Virieux,MU,-20.3428,57.7575,68.25,83,20,3.44,few clouds
173,Guerrero,MX,17.6667,-100.0,73.38,56,42,2.19,scattered clouds
174,Barrow,US,71.2906,-156.7887,-11.18,70,0,17.27,clear sky
175,Flin Flon,CA,54.7682,-101.865,10.24,61,40,20.71,scattered clouds
176,Yar-Sale,RU,66.8333,70.8333,6.64,93,99,10.45,overcast clouds
177,Tuktoyaktuk,CA,69.4541,-133.0374,-5.8,77,20,17.27,few clouds
178,Ahipara,NZ,-35.1667,173.1667,72.7,57,74,15.19,broken clouds
179,Komsomolskiy,UZ,40.4272,71.7189,31.42,74,0,6.91,mist
180,Coihaique,CL,-45.5752,-72.0662,78.75,29,0,5.75,clear sky
181,Westport,US,41.1415,-73.3579,25.75,44,0,1.99,clear sky
182,Kang,BW,-23.6752,22.7876,71.91,60,56,8.72,broken clouds
183,Augusto Correa,BR,-1.0217,-46.635,76.96,85,94,3.2,overcast clouds
184,Ribeira Grande,PT,38.5167,-28.7,59.52,78,15,15.12,few clouds
185,Mabaruma,GY,8.2,-59.7833,70.2,84,76,3.49,broken clouds
186,Krasnyy Yar,RU,46.5331,48.3456,24.73,95,85,7.74,overcast clouds
187,Honiara,SB,-9.4333,159.95,79.95,83,100,6.26,overcast clouds
188,Rio Grande,BR,-32.035,-52.0986,74.95,93,100,14.56,overcast clouds
189,Tromso,NO,69.6496,18.957,26.62,86,75,3.44,light shower snow
190,Ambovombe,MG,-25.1667,46.0833,69.26,86,0,8.93,clear sky
191,Kodinsk,RU,58.6881,99.1844,-12.53,100,94,1.28,overcast clouds
192,Mehamn,NO,71.0357,27.8492,27.66,88,96,12.5,light snow
193,Iwanai,JP,42.9744,140.5089,30.16,79,99,12.57,light snow
194,Dubai,AE,25.2582,55.3047,67.21,72,0,4.61,clear sky
195,Anisoc,GQ,1.8658,10.7689,69.71,98,45,1.95,scattered clouds
196,Noumea,NC,-22.2763,166.4572,84.18,99,91,13.67,overcast clouds
197,Jumla,NP,29.2747,82.1838,23.43,71,27,5.17,scattered clouds
198,La Palma,US,33.8464,-118.0467,74.84,34,75,4.0,broken clouds
199,Saldanha,ZA,-33.0117,17.9442,60.85,92,3,12.37,clear sky
200,San Jose,US,37.3394,-121.895,66.92,51,0,1.99,clear sky
201,Mongo,TD,12.1844,18.693,68.07,22,43,10.0,scattered clouds
202,Cap-Aux-Meules,CA,47.3821,-61.8597,17.65,79,100,17.27,overcast clouds
203,Terrace,CA,54.5163,-128.6035,37.31,87,75,5.75,broken clouds
204,Pozo Colorado,PY,-23.4923,-58.7972,91.44,36,24,6.38,few clouds
205,Vostok,RU,46.4856,135.8833,1.35,94,100,2.84,overcast clouds
206,Bandar-E Anzali,IR,37.4727,49.4622,46.51,88,78,9.1,broken clouds
207,Saint-Philippe,RE,-21.3585,55.7679,71.19,66,79,8.03,broken clouds
208,Nicoya,CR,10.1483,-85.452,83.75,56,65,6.85,broken clouds
209,Salinopolis,BR,-0.6136,-47.3561,79.38,82,96,8.75,overcast clouds
210,Kavaratti,IN,10.5669,72.642,77.22,60,77,7.02,broken clouds
211,Lichinga,MZ,-13.3128,35.2406,64.49,100,75,11.5,broken clouds
212,Port Lincoln,AU,-34.7333,135.8667,73.69,77,10,6.89,clear sky
213,Saint George,US,37.1041,-113.5841,54.07,23,0,1.99,clear sky
214,Tecoanapa,MX,16.5167,-98.75,80.31,71,0,7.18,clear sky
215,Hasaki,JP,35.7333,140.8333,37.8,73,52,8.03,broken clouds
216,Sao Bernardo,BR,-3.3614,-42.4178,74.16,94,99,4.23,overcast clouds
217,Caravelas,BR,-17.7125,-39.2481,75.13,92,53,3.96,broken clouds
218,Pio Ix,BR,-6.8375,-40.5792,70.27,89,100,1.63,overcast clouds
219,Mar Del Plata,AR,-38.0023,-57.5575,64.09,71,20,1.99,few clouds
220,Sao Filipe,CV,14.8961,-24.4956,74.61,70,88,14.07,overcast clouds
221,Tura,IN,25.5198,90.2201,53.55,90,68,2.62,broken clouds
222,Lazne Bohdanec,CZ,50.0756,15.6798,34.61,83,100,10.0,overcast clouds
223,Kruisfontein,ZA,-34.0033,24.7314,65.88,96,98,1.21,overcast clouds
224,Vardo,NO,70.3705,31.1107,25.36,73,51,16.55,broken clouds
225,Mecca,SA,21.4267,39.8261,65.93,61,81,14.25,broken clouds
226,Vysokogornyy,RU,50.1167,139.15,-4.94,98,97,2.91,overcast clouds
227,Roebourne,AU,-20.7833,117.1333,83.66,54,12,16.24,few clouds
228,Tuatapere,NZ,-46.1333,167.6833,58.82,53,65,8.19,broken clouds
229,Beringovskiy,RU,63.05,179.3167,0.7,95,100,4.65,overcast clouds
230,Vicksburg,US,32.3526,-90.8779,48.7,47,0,8.05,clear sky
231,Rafaela,AR,-31.2503,-61.4867,79.0,55,63,4.0,broken clouds
232,Thompson,CA,55.7435,-97.8558,-0.24,71,40,12.66,scattered clouds
233,Tazovskiy,RU,67.4667,78.7,3.09,94,100,12.75,overcast clouds
234,Portland,US,45.5234,-122.6762,51.76,65,12,5.99,few clouds
235,Paranga,RU,56.7039,49.4047,2.23,97,97,5.01,overcast clouds
236,Hami,CN,42.8,93.45,21.4,45,7,0.29,clear sky
237,Havoysund,NO,70.9963,24.6622,31.08,75,100,7.45,light snow
238,Comodoro Rivadavia,AR,-45.8667,-67.5,66.06,45,0,11.5,clear sky
239,Bima,ID,-8.4667,118.7167,80.29,87,100,1.77,overcast clouds
240,Pilar,BR,-9.5972,-35.9567,80.53,83,42,5.32,scattered clouds
241,Sakata,JP,38.9167,139.855,37.58,65,75,19.57,broken clouds
242,Bang Rakam,TH,16.7585,100.1174,69.93,73,6,1.14,clear sky
243,Cortez,US,37.3489,-108.5859,39.52,42,26,10.0,scattered clouds
244,Valparaiso,CL,-33.0393,-71.6273,70.03,58,0,10.36,clear sky
245,Zhigansk,RU,66.7697,123.3711,-24.0,100,95,3.89,overcast clouds
246,Gavle,SE,60.6745,17.1417,28.94,86,92,1.99,overcast clouds
247,Naze,JP,28.3667,129.4833,59.92,71,67,5.61,broken clouds
248,Kolyvan,RU,55.3053,82.7391,-4.95,100,97,2.77,overcast clouds
249,Hirado,JP,33.3597,129.5531,43.95,57,99,5.93,light rain
250,Carutapera,BR,-1.195,-46.02,77.34,85,82,5.46,moderate rain
251,Vila,PT,42.0304,-8.1588,38.32,75,0,4.7,clear sky
252,Skjervoy,NO,70.0311,20.9714,29.32,68,100,4.52,light snow
253,Odweyne,SO,9.4092,45.064,59.4,38,71,6.69,broken clouds
254,Georgetown,MY,5.4112,100.3354,78.73,93,20,1.99,few clouds
255,Lujan,AR,-34.5703,-59.105,71.35,57,100,5.01,overcast clouds
256,Pangody,RU,65.85,74.4859,-1.39,98,98,10.0,overcast clouds
257,Padang,ID,-0.9492,100.3543,73.45,80,100,2.91,overcast clouds
258,Yangambi,CD,0.8102,24.4336,71.06,75,69,1.28,broken clouds
259,Burnie,AU,-41.0667,145.9167,66.94,96,100,12.24,light rain
260,Nikel,RU,69.4128,30.222,15.98,98,96,7.14,overcast clouds
261,Soyo,AO,-6.1349,12.3689,77.76,85,91,5.5,overcast clouds
262,Heishan,CN,41.6892,122.1128,13.05,54,0,5.55,clear sky
263,Birin,NP,26.8865,88.0718,38.41,73,4,4.68,clear sky
264,Lata,PT,40.1629,-8.3327,50.41,80,30,4.68,scattered clouds
265,Pacific Grove,US,36.6177,-121.9166,68.07,74,0,1.01,clear sky
266,Khatanga,RU,71.9667,102.5,0.39,87,100,13.02,overcast clouds
267,Tyret Pervaya,RU,53.6703,102.3106,-18.63,100,84,3.09,broken clouds
268,Kyzyl-Suu,KG,42.3414,78.0056,11.91,50,19,11.41,few clouds
269,Mackay,AU,-21.15,149.2,77.68,94,75,13.8,moderate rain
270,Natal,BR,-5.795,-35.2094,79.45,83,20,6.91,few clouds
271,Port Blair,IN,11.6667,92.75,75.24,88,20,1.14,mist
272,Alyangula,AU,-13.8483,136.4192,87.67,70,100,12.66,overcast clouds
273,Victoria,HK,22.2855,114.1577,68.32,89,93,10.0,overcast clouds
274,Cap Malheureux,MU,-19.9842,57.6142,68.49,66,16,9.78,few clouds
275,Gladstone,AU,-23.85,151.25,75.13,88,100,11.5,light rain
276,Banjarmasin,ID,-3.3244,114.591,80.74,87,100,5.26,overcast clouds
277,Byron Bay,AU,-28.65,153.6167,80.06,60,14,9.1,few clouds
278,Tilisca,RO,45.8,23.85,22.8,93,100,2.3,overcast clouds
279,Namibe,AO,-15.1961,12.1522,76.78,80,100,3.53,overcast clouds
280,Loanda,AO,-8.8368,13.2343,77.0,83,75,6.91,broken clouds
281,Jizan,SA,17.3333,42.6667,76.14,73,1,2.13,clear sky
282,Komsomolets,KZ,53.7453,62.0708,11.46,93,100,10.92,overcast clouds
283,Mindelo,CV,16.8901,-24.9804,71.15,73,75,26.46,broken clouds
284,Dabakala,CI,8.3667,-4.4333,75.58,16,22,2.26,few clouds
285,Batagay,RU,67.6333,134.6333,-17.52,98,100,4.25,overcast clouds
286,Narsaq,GL,60.9167,-46.05,19.62,78,86,14.5,overcast clouds
287,Rawlins,US,41.7911,-107.2387,26.82,46,0,16.51,clear sky
288,Buba,GW,11.5833,-15.0,69.13,66,60,0.18,broken clouds
289,Waingapu,ID,-9.6567,120.2641,82.0,76,100,12.68,overcast clouds
290,Tongren,CN,27.7172,109.1853,36.95,93,100,4.45,overcast clouds
291,Batemans Bay,AU,-35.7167,150.1833,81.19,50,9,9.53,clear sky
292,Bilibino,RU,68.0546,166.4372,-33.11,96,26,3.83,scattered clouds
293,Irbeyskoye,RU,55.6428,95.4522,11.98,97,100,1.7,light snow
294,Olinda,BR,-8.0089,-34.8553,82.13,78,75,9.22,broken clouds
295,Veseloyarsk,RU,51.2836,81.1056,4.87,97,100,5.88,overcast clouds
296,Namatanai,PG,-3.6667,152.4333,84.99,69,90,3.65,overcast clouds
297,Richards Bay,ZA,-28.783,32.0377,73.15,96,83,5.77,broken clouds
298,Kutum,SD,14.2,24.6667,53.33,27,85,15.5,overcast clouds
299,Harper,LR,4.375,-7.7169,79.21,83,8,7.56,clear sky
300,Srandakan,ID,-7.9386,110.2506,79.3,84,100,4.36,overcast clouds
301,Vila Franca Do Campo,PT,37.7167,-25.4333,59.2,77,63,10.47,broken clouds
302,Talnakh,RU,69.4865,88.3972,2.21,96,100,15.5,light snow
303,Korla,CN,41.7597,86.1469,21.16,70,1,1.95,clear sky
304,Inta,RU,66.0317,60.1659,6.6,95,79,6.69,broken clouds
305,Puerto Madryn,AR,-42.7692,-65.0385,62.24,62,2,14.99,clear sky
306,Pevek,RU,69.7008,170.3133,-32.75,98,55,3.42,broken clouds
307,Longyearbyen,SJ,78.2186,15.6401,10.24,61,75,14.97,broken clouds
308,Methoni,GR,36.8197,21.7049,40.21,49,1,5.14,clear sky
309,Casa Nova,BR,-9.4167,-41.1333,73.38,75,99,19.82,light rain
310,Toyooka,JP,35.5333,134.8333,37.51,100,75,2.3,fog
311,Dingle,PH,10.9995,122.6711,79.36,87,68,7.99,broken clouds
312,Hervey Bay,AU,-25.2986,152.8535,79.02,72,100,8.99,overcast clouds
313,Muli,MV,2.9167,73.5667,80.58,66,95,14.45,overcast clouds
314,Calama,CL,-22.4667,-68.9333,70.29,21,6,26.46,clear sky
315,Gigmoto,PH,13.7796,124.39,79.9,87,100,7.81,overcast clouds
316,Codajas,BR,-3.8367,-62.0569,73.56,98,90,1.68,overcast clouds
317,Norman Wells,CA,65.282,-126.8329,6.84,85,75,3.44,broken clouds
318,Leningradskiy,RU,69.3833,178.4167,-25.83,90,27,3.65,scattered clouds
319,Faya,SA,18.3851,42.4509,53.71,68,13,6.26,few clouds
320,Sambava,MG,-14.2667,50.1667,74.21,85,63,10.2,broken clouds
321,Marsh Harbour,BS,26.5412,-77.0636,74.97,74,11,10.85,moderate rain
322,Tessalit,ML,20.1986,1.0114,61.97,21,97,14.52,overcast clouds
323,Tonantins,BR,-2.8731,-67.8022,74.21,97,99,2.17,overcast clouds
324,Nova Odesa,UA,47.3078,31.7851,25.79,88,100,6.8,overcast clouds
325,La Suiza,CR,9.8524,-83.6133,80.1,98,96,0.94,overcast clouds
326,Kahului,US,20.8947,-156.47,81.97,78,10,13.0,clear sky
327,La Libertad,EC,-2.2333,-80.9,80.26,78,40,6.91,moderate rain
328,Quelimane,MZ,-17.8786,36.8883,74.34,86,99,7.25,overcast clouds
329,Kyabram,AU,-36.3167,145.05,81.0,52,98,14.2,overcast clouds
330,Tabas,IR,33.5959,56.9244,48.58,34,15,4.83,few clouds
331,Boyolangu,ID,-8.1181,111.8935,77.63,86,97,2.21,overcast clouds
332,Ambilobe,MG,-13.2,49.05,72.46,95,91,3.53,overcast clouds
333,Labuhan,ID,-6.8844,112.2051,79.14,85,100,8.34,overcast clouds
334,Nara,JP,34.6851,135.8049,45.68,59,61,3.42,broken clouds
335,Ilulissat,GL,69.2167,-51.1,9.72,91,100,7.83,overcast clouds
336,Prado,BR,-17.3411,-39.2208,76.1,90,68,6.4,broken clouds
337,Srednekolymsk,RU,67.45,153.6833,-43.76,100,54,3.42,broken clouds
338,Alofi,NU,-19.0595,-169.9187,78.69,89,40,10.36,light intensity shower rain
339,Iqaluit,CA,63.7506,-68.5145,-20.47,69,20,5.75,few clouds
340,Kathu,TH,7.9178,98.3332,75.02,80,45,10.98,scattered clouds
341,Grong,NO,64.4654,12.3149,34.54,99,100,4.56,light snow
342,Coos Bay,US,43.3665,-124.2179,54.0,88,0,6.91,clear sky
343,Poum,NC,-20.2333,164.0167,81.1,74,27,8.81,scattered clouds
344,Loandjili,CG,-4.7561,11.8578,75.31,94,20,1.14,few clouds
345,Kushmurun,KZ,52.4503,64.6311,5.23,94,99,11.39,overcast clouds
346,Tevaitoa,PF,-16.7833,-151.5,81.19,77,69,18.16,light rain
347,Hazorasp,UZ,41.3194,61.0742,19.24,77,1,10.27,clear sky
348,Necochea,AR,-38.5473,-58.7368,63.03,59,0,15.5,clear sky
349,Baloda,IN,22.15,82.4833,48.6,62,0,7.2,clear sky
350,Outjo,NA,-20.1167,16.15,76.01,49,79,2.06,broken clouds
351,Montorio Al Vomano,IT,42.5831,13.6383,38.1,76,0,3.62,clear sky
352,Dudinka,RU,69.4058,86.1778,2.62,95,100,26.02,light snow
353,Ixtapa,MX,20.7,-105.2,74.23,84,99,5.01,overcast clouds
354,Itoman,JP,26.1247,127.6694,68.02,73,20,2.3,few clouds
355,Kyaiklat,MM,16.4333,95.7333,70.07,75,2,6.31,clear sky
356,Olafsvik,IS,64.8945,-23.7142,33.91,60,100,7.65,overcast clouds
357,Djibo,BF,14.1022,-1.6306,68.94,12,95,10.07,overcast clouds
358,Matay,EG,28.419,30.7792,43.61,59,2,7.67,clear sky
359,Asfi,MA,32.2994,-9.2372,57.2,78,7,7.34,clear sky
360,Ngunguru,NZ,-35.6167,174.5,76.15,52,60,10.98,broken clouds
361,Jilib,SO,0.4883,42.7854,72.63,87,48,6.76,scattered clouds
362,Chokurdakh,RU,70.6333,147.9167,-27.94,97,38,12.33,scattered clouds
363,Rantepao,ID,-2.9701,119.8978,73.02,85,100,1.54,overcast clouds
364,Akyab,MM,20.15,92.9,66.6,74,3,6.96,clear sky
365,Cervo,ES,43.6702,-7.4101,49.96,86,68,6.53,broken clouds
366,Arcata,US,40.8665,-124.0828,56.68,79,1,1.01,clear sky
367,Russell,US,32.3502,-85.1999,56.48,39,0,8.05,clear sky
368,Otane,NZ,-39.8833,176.6333,66.38,45,86,10.63,overcast clouds
369,Del Rio,US,29.3627,-100.8968,56.43,77,100,5.75,overcast clouds
370,Trapani,IT,37.8333,12.6667,44.78,81,0,4.14,clear sky
371,Nizwa,OM,22.9333,57.5333,60.75,53,2,1.07,clear sky
372,Saint-Pierre,RE,-21.3393,55.4781,71.28,68,75,9.22,broken clouds
373,De-Kastri,RU,51.4667,140.7833,-1.17,99,91,4.97,overcast clouds
374,Santa Lucia,ES,27.9117,-15.5407,53.76,77,20,10.36,few clouds
375,Rancho Palos Verdes,US,33.7445,-118.387,72.36,54,100,3.0,overcast clouds
376,Laguna,US,38.421,-121.4238,65.44,48,0,1.99,clear sky
377,Stornoway,GB,58.2093,-6.3865,44.56,84,75,5.99,broken clouds
378,Brooks,CA,50.5834,-111.8851,33.78,80,88,20.71,overcast clouds
379,Arona,ES,28.0996,-16.681,57.51,80,20,11.5,few clouds
380,Sroda Wielkopolska,PL,52.2284,17.2762,36.05,96,100,17.07,overcast clouds
381,Cherskiy,RU,68.75,161.3,-43.6,99,48,3.89,scattered clouds
382,Sandalfoot Cove,US,26.3392,-80.1876,73.96,89,75,1.99,broken clouds
383,Chimore,BO,-16.9833,-65.1333,74.17,94,98,2.77,overcast clouds
384,Cockburn Town,TC,21.4612,-71.1419,77.86,72,5,12.37,clear sky
385,Chandler,US,33.3062,-111.8412,69.24,18,51,1.01,broken clouds
386,Usinsk,RU,65.9939,57.5281,9.1,96,99,10.54,overcast clouds
387,Piacabucu,BR,-10.4056,-36.4344,79.39,78,70,8.57,broken clouds
388,Pitsunda,GE,43.1592,40.3378,35.78,86,100,14.47,light rain
389,Ulaanbaatar,MN,47.9077,106.8832,-27.27,68,7,2.24,clear sky
390,Karratha,AU,-20.7377,116.8463,82.98,59,5,16.73,clear sky
391,Sisimiut,GL,66.9395,-53.6735,8.44,83,100,11.79,overcast clouds
392,Nioro,GM,13.35,-15.75,77.88,11,85,5.14,overcast clouds
393,Cabo San Lucas,MX,22.8909,-109.9124,76.6,54,3,2.08,clear sky
394,Lompoc,US,34.6391,-120.4579,68.14,65,0,8.05,clear sky
395,Balgazyn,RU,51.0,95.2,-19.77,98,85,1.68,overcast clouds
396,Waitara,NZ,-38.925,174.25,71.22,52,19,16.91,few clouds
397,Vilcun,CL,-38.65,-72.2333,70.54,50,0,3.06,clear sky
398,Acapulco,MX,16.8634,-99.8901,80.24,71,4,5.21,clear sky
399,Mina,MX,26.0011,-100.5299,78.26,83,96,8.52,overcast clouds
400,Nuevo Progreso,MX,23.1667,-97.95,71.6,66,91,4.0,overcast clouds
401,Nhulunbuy,AU,-12.2333,136.7667,86.61,79,40,8.05,scattered clouds
402,Champerico,GT,14.3,-91.9167,90.14,67,6,7.27,clear sky
403,Emerald,AU,-23.5333,148.1667,84.34,61,75,14.97,broken clouds
404,Okoneshnikovo,RU,54.8377,75.0834,-13.81,100,100,4.7,overcast clouds
405,Shuya,RU,56.8487,41.3883,-2.42,100,97,2.33,light snow
406,Koratla,IN,18.8167,78.7167,57.25,50,1,5.37,clear sky
407,Katherine,AU,-14.4667,132.2667,82.72,78,75,11.5,broken clouds
408,Bela,IN,25.9333,81.9833,46.54,80,0,7.02,clear sky
409,Warmbad,NA,-28.45,18.7333,85.57,23,41,7.02,scattered clouds
410,Micheweni,TZ,-4.9667,39.8333,78.71,75,90,10.78,overcast clouds
411,Dukat,RU,62.55,155.55,-32.98,99,60,3.47,broken clouds
412,Tombouctou,ML,20.0,-3.0,67.84,14,90,9.13,overcast clouds
413,Nago,JP,26.5881,127.9761,68.16,73,27,7.29,scattered clouds
414,George Town,MY,5.4112,100.3354,78.73,93,20,1.99,few clouds
415,Key Largo,US,25.0865,-80.4473,77.02,69,27,6.96,scattered clouds
416,Havre-Saint-Pierre,CA,50.2334,-63.5986,0.19,59,0,6.91,clear sky
417,Chapleau,CA,47.8405,-83.4034,8.69,72,75,17.27,broken clouds
418,Santiago Del Estero,AR,-27.7951,-64.2615,75.88,91,97,11.88,overcast clouds
419,Barcelos,PT,41.5388,-8.6151,51.85,71,1,5.91,clear sky
420,Brod,BA,45.1375,17.9897,35.28,87,20,1.86,few clouds
421,Kidal,ML,18.4411,1.4078,62.11,19,87,12.62,overcast clouds
422,Vicuna,CL,-30.0319,-70.7081,76.77,55,1,3.83,clear sky
423,Saint Anthony,US,45.0205,-93.218,24.73,75,100,7.0,overcast clouds
424,Anadyr,RU,64.75,177.4833,3.7,85,75,8.95,mist
425,Arman,RU,59.7,150.1667,-11.42,81,100,10.69,overcast clouds
426,Abha,SA,18.2164,42.5053,53.42,87,0,0.0,clear sky
427,Margate,GB,51.3813,1.3862,42.51,81,75,3.0,broken clouds
428,Vilhena,BR,-12.7406,-60.1458,73.62,94,75,11.5,thunderstorm with light rain
429,Thinadhoo,MV,0.5333,72.9333,81.41,72,100,20.62,overcast clouds
430,La Rioja,ES,42.25,-2.5,33.12,47,0,5.97,clear sky
431,Beloha,MG,-25.1667,45.05,69.17,85,1,12.01,clear sky
432,Airai,TL,-8.9266,125.4092,68.18,72,100,4.16,overcast clouds
433,Nanakuli,US,21.3906,-158.1547,81.03,60,13,10.76,few clouds
434,Codrington,AU,-38.2667,141.9667,84.87,55,60,9.69,broken clouds
435,Inuvik,CA,68.3499,-133.7218,0.46,81,100,9.22,mist
436,Katima Mulilo,NA,-17.5,24.2667,66.65,97,100,6.6,light rain
437,Payo,ID,-3.7508,103.6372,73.29,97,100,1.3,overcast clouds
438,Nome,US,64.5011,-165.4064,-15.84,78,3,3.94,clear sky
439,Maymyo,MM,22.0333,96.4667,51.17,92,63,1.99,broken clouds
440,Ulladulla,AU,-35.35,150.4667,79.88,53,33,10.27,scattered clouds
441,Gamba,GA,-2.65,10.0,75.54,91,45,5.32,scattered clouds
442,Praia Da Vitoria,PT,38.7333,-27.0667,59.25,88,75,11.18,broken clouds
443,Belmonte,BR,-15.8631,-38.8828,75.7,87,97,7.4,overcast clouds
444,Wasilla,US,61.5814,-149.4394,24.37,85,100,1.99,overcast clouds
445,Taoudenni,ML,22.6783,-3.9836,65.66,19,27,13.82,scattered clouds
446,Bemidji,US,47.4736,-94.8803,27.37,82,100,8.05,overcast clouds
447,Ankazoabo,MG,-22.2833,44.5167,70.03,79,17,4.21,few clouds
448,Buraydah,SA,26.326,43.975,57.65,28,8,12.41,clear sky
449,Grand-Lahou,CI,5.1367,-5.0242,78.8,84,1,6.24,clear sky
450,Lubawa,PL,53.5043,19.7497,37.47,98,100,14.99,overcast clouds
451,Banda Aceh,ID,5.5577,95.3222,78.13,80,64,4.65,broken clouds
452,Baruun-Urt,MN,46.6806,113.2792,-10.08,93,11,5.75,few clouds
453,Astana,KZ,51.1801,71.446,-11.25,77,40,4.47,scattered clouds
454,Cidreira,BR,-30.1811,-50.2056,73.96,95,93,3.51,moderate rain
455,Marienburg,PL,54.0359,19.0266,40.66,94,100,14.32,overcast clouds
456,Whitianga,NZ,-36.8333,175.7,78.03,41,17,7.52,few clouds
457,Bonthe,SL,7.5264,-12.505,78.28,82,45,6.69,scattered clouds
458,Ndele,CF,8.4109,20.6473,72.01,23,100,5.39,overcast clouds
459,Barra,BR,-11.0894,-43.1417,71.22,89,100,5.61,overcast clouds
460,Burla,IN,21.5,83.8667,54.37,61,1,5.17,clear sky
461,Avera,US,33.194,-82.5271,49.71,71,79,6.96,broken clouds
462,Da Lat,VN,11.9465,108.4419,56.46,61,33,2.51,scattered clouds
463,Faanui,PF,-16.4833,-151.75,81.09,76,74,17.43,light rain
464,Sangod,IN,24.9167,76.2833,47.8,64,0,3.38,clear sky
465,Geraldton,AU,-28.7667,114.6,72.01,68,0,11.5,clear sky
466,Emirdag,TR,39.0197,31.15,8.33,92,56,4.83,broken clouds
467,Issenye,TZ,-2.0,34.3333,67.95,72,74,3.31,broken clouds
468,Harstad,NO,68.799,16.5293,29.43,91,98,6.82,overcast clouds
469,Ciudad Real,ES,39.0,-4.0,42.15,90,35,4.0,scattered clouds
470,Havelock,US,34.8791,-76.9013,36.01,68,23,5.99,few clouds
471,Tautira,PF,-17.7333,-149.15,84.22,77,77,16.04,light rain
472,Janakkala,FI,60.9,24.6,33.66,99,100,3.53,overcast clouds
473,Rocha,UY,-34.4833,-54.3333,69.46,91,100,17.85,overcast clouds
474,Hofn,IS,64.2539,-15.2082,31.98,58,100,7.09,overcast clouds
475,Pierre,US,44.3683,-100.351,41.86,52,97,1.99,overcast clouds
476,Neiafu,TO,-18.65,-173.9833,82.85,74,17,9.17,few clouds
477,Fort Nelson,CA,58.8053,-122.7002,21.34,96,94,2.1,overcast clouds
478,Gambela,ET,8.25,34.5833,81.88,30,97,1.19,overcast clouds
479,Khorixas,NA,-20.3667,14.9667,76.78,52,68,4.74,broken clouds
480,Qaqortoq,GL,60.7167,-46.0333,18.1,73,97,17.52,overcast clouds
481,Adrar,MR,20.5022,-10.0711,65.89,17,56,7.16,broken clouds
482,Vieste,IT,41.8825,16.175,49.42,76,35,12.53,scattered clouds
483,Bac Lieu,VN,9.285,105.7244,76.39,84,69,7.2,broken clouds
484,Vangaindrano,MG,-23.35,47.6,71.8,86,99,2.35,light rain
485,Suda,RU,59.1525,37.5582,4.59,100,100,3.69,overcast clouds
486,Ust-Kuyga,RU,70.0167,135.6,-10.01,98,100,10.09,overcast clouds
487,Nizhniy Kuranakh,RU,58.8353,125.4869,-2.69,98,100,8.01,light snow
488,Gold Coast,AU,-28.0,153.4333,81.0,78,75,8.05,broken clouds
489,Fairbanks,US,64.8378,-147.7164,-1.91,78,87,2.06,overcast clouds
490,Novo Aripuana,BR,-5.1206,-60.3797,72.54,99,100,2.08,overcast clouds
491,Bam,IR,29.106,58.357,50.47,33,0,2.08,clear sky
492,Madimba,TZ,-10.4,40.3333,77.83,80,100,6.22,overcast clouds
493,Banikoara,BJ,11.2985,2.4386,71.98,18,0,7.99,clear sky
494,Beinamar,TD,8.6698,15.3813,70.43,22,49,4.7,scattered clouds
495,Kalangala,UG,-0.3089,32.225,69.15,67,15,13.15,few clouds
496,Sangar,RU,63.9242,127.4739,-21.12,92,100,4.0,overcast clouds
497,Hakui,JP,36.8833,136.7833,39.72,68,88,3.22,overcast clouds
498,Lagos,NG,6.5833,3.75,71.89,94,1,1.7,clear sky
499,Jalu,LY,29.0331,21.5482,47.5,68,7,7.45,clear sky
500,Paranhos,BR,-23.8928,-55.4311,70.47,92,74,4.12,broken clouds
501,Baleshwar,IN,21.4942,86.9317,61.99,76,6,10.36,clear sky
502,Jijiga,ET,9.35,42.8,55.67,30,1,6.93,clear sky
503,Effingham,US,32.3669,-81.3332,52.25,66,68,9.62,broken clouds
504,Simbahan,PH,6.3032,120.5836,81.07,84,81,12.26,broken clouds
505,Sampit,ID,-2.5333,112.95,76.96,89,99,3.22,overcast clouds
506,Pisco,PE,-13.7,-76.2167,70.02,83,60,5.64,broken clouds
507,Ystad,SE,55.4297,13.8204,42.94,89,99,20.71,overcast clouds
508,Grindavik,IS,63.8424,-22.4338,27.07,100,40,9.22,scattered clouds
509,Laredo,US,27.5064,-99.5075,64.4,50,34,3.33,scattered clouds
510,Lasa,IT,46.6166,10.7002,31.37,55,21,5.84,few clouds
511,Takoradi,GH,4.8845,-1.7554,78.94,88,0,6.31,clear sky
512,Sorland,NO,67.667,12.6934,38.41,77,97,12.1,overcast clouds
513,Trzebiatow,PL,54.0615,15.2648,41.86,87,100,21.72,overcast clouds
514,Brigantine,US,39.4101,-74.3646,27.01,46,0,6.91,clear sky
515,Mount Isa,AU,-20.7333,139.5,78.57,94,100,10.36,overcast clouds
516,Bahia Blanca,AR,-38.7196,-62.2724,64.09,55,2,12.35,clear sky
517,Trinidad,BO,-14.8333,-64.9,78.08,86,96,4.56,overcast clouds
518,Gondanglegi,ID,-7.7479,112.0132,77.2,89,100,1.14,overcast clouds
519,Yumen,CN,40.2833,97.2,17.29,48,69,7.47,broken clouds
520,Hualmay,PE,-11.0964,-77.6139,72.23,79,70,8.72,broken clouds
521,Shashi,CN,30.3072,112.2447,35.82,96,100,14.34,light rain
522,Northam,GB,51.0333,-4.2167,47.61,84,90,15.17,overcast clouds
523,Kavieng,PG,-2.5744,150.7967,83.97,75,88,8.93,light rain
524,Zemio,CF,5.0314,25.1361,70.5,32,99,2.64,overcast clouds
525,Porto Belo,BR,-27.1578,-48.5531,82.38,88,74,10.16,moderate rain
526,Tigil,RU,57.8,158.6667,-2.96,97,100,4.09,overcast clouds
527,Barstow,US,34.8986,-117.0228,59.49,20,0,7.05,clear sky
528,Talcahuano,CL,-36.7167,-73.1167,64.08,77,75,6.91,broken clouds
529,Coahuayana,MX,18.7333,-103.6833,80.1,56,97,3.94,overcast clouds
530,Djenne,ML,13.9061,-4.5533,72.46,11,88,10.0,overcast clouds
531,Shache,CN,38.4167,77.2406,25.72,56,17,3.02,few clouds
532,Genhe,CN,50.7833,121.5167,-19.08,100,100,1.74,overcast clouds
533,Meulaboh,ID,4.1363,96.1285,75.31,85,96,3.78,overcast clouds
534,Hornepayne,CA,49.2138,-84.7705,11.64,79,100,20.2,overcast clouds
535,Mauganj,IN,24.6833,81.8833,46.6,75,0,4.03,clear sky
536,Kismayo,SO,-0.3582,42.5454,76.8,78,75,14.7,broken clouds
537,Yatou,CN,37.15,122.3833,30.9,53,64,14.85,broken clouds
538,Alekseyevskoye,RU,55.3071,50.1135,2.08,97,100,6.31,overcast clouds
539,Lashio,MM,22.9333,97.75,51.8,97,67,1.01,broken clouds
540,Funchal,PT,32.6333,-16.9,60.71,84,40,3.0,scattered clouds
541,Porvoo,FI,60.3923,25.6651,34.92,98,100,9.86,light snow
542,Camacha,PT,33.0833,-16.3333,55.53,72,75,11.5,broken clouds
543,Orange Cove,US,36.6244,-119.3137,67.6,41,0,3.06,clear sky
544,Filingue,NE,14.3521,3.3168,66.45,14,49,14.54,scattered clouds
545,Xining,CN,36.6167,101.7667,16.41,78,100,0.96,overcast clouds
546,Lucapa,AO,-8.4192,20.7447,63.73,96,97,1.86,light rain
547,Saint-Francois,FR,46.4154,3.9054,26.67,93,100,3.44,fog
548,Capoeiras,BR,-8.7347,-36.6267,67.3,88,57,10.11,light rain
549,Manitouwadge,CA,49.1215,-85.8403,15.4,87,100,21.07,overcast clouds
550,Ikongo,MG,-21.8833,47.4333,66.76,95,95,1.03,light rain
551,Stavern,NO,59.0,10.0333,41.74,91,99,22.46,overcast clouds
552,Youhao,CN,47.8667,128.8333,-4.31,98,98,2.06,overcast clouds
553,Marystown,CA,47.1666,-55.1483,33.85,100,100,1.01,overcast clouds
554,Buala,SB,-8.145,159.5921,81.88,71,100,5.59,overcast clouds
555,Fare,PF,-16.7,-151.0167,80.73,77,72,16.93,broken clouds
556,Buncrana,IE,55.1333,-7.45,48.2,85,100,16.55,overcast clouds
557,Paamiut,GL,61.994,-49.6678,10.83,70,100,16.02,overcast clouds
558,Opuwo,NA,-18.0607,13.84,73.45,62,71,4.23,broken clouds
559,Manado,ID,1.487,124.8455,81.37,83,20,0.0,few clouds
560,Artyom,AZ,40.4723,50.333,42.94,84,57,10.96,broken clouds
561,Keflavik,IS,64.0049,-22.5624,29.52,100,40,9.22,scattered clouds
562,Sao Jose Da Coroa Grande,BR,-8.8978,-35.1478,79.05,80,23,9.24,few clouds
563,Oktyabrskoye,RU,43.0645,44.7417,24.94,100,96,2.24,overcast clouds
564,College,US,64.8569,-147.8028,0.66,75,88,2.08,overcast clouds
565,Alekseyevskaya,RU,50.2896,42.1845,8.56,98,95,1.81,overcast clouds
566,Santa Cruz,BO,-17.8,-63.1667,84.09,55,100,11.23,overcast clouds
567,Quatre Cocos,MU,-20.2078,57.7625,75.94,70,43,9.06,scattered clouds
568,Jinka,ET,5.65,36.65,64.98,35,4,2.08,clear sky
569,Deniliquin,AU,-35.5333,144.9667,83.14,47,100,13.91,overcast clouds
570,Illapel,CL,-31.6308,-71.1653,69.49,64,0,4.54,clear sky
571,Camopi,GF,3.1655,-52.3158,71.42,99,76,2.73,broken clouds
572,Guinabsan,PH,8.8975,125.4161,78.75,84,50,6.93,scattered clouds
573,New Port Richey,US,28.2442,-82.7193,61.21,85,98,1.99,overcast clouds
574,La Ronge,CA,55.1001,-105.2842,11.97,83,100,12.86,overcast clouds
575,Muriti,TZ,-1.9833,32.9167,75.11,63,73,7.92,broken clouds
576,Kieta,PG,-6.2167,155.6333,80.87,82,100,4.16,light rain
577,Belebey,RU,54.1167,54.1167,13.96,95,100,12.24,snow
578,Pemangkat,ID,1.1667,108.9667,77.05,86,100,7.2,overcast clouds
579,Ozuluama,MX,21.6667,-97.85,64.85,74,100,2.75,overcast clouds
580,Svetlogorsk,BY,52.6333,29.7333,17.83,96,100,5.99,overcast clouds
581,Sakaiminato,JP,35.55,133.2333,46.15,57,100,2.53,overcast clouds
582,Preston,GB,53.7667,-2.7167,50.74,88,100,8.99,overcast clouds
583,Aleksandrovsk-Sakhalinskiy,RU,50.8975,142.1561,0.77,93,33,1.9,scattered clouds
584,Henties Bay,NA,-22.116,14.2845,66.85,86,90,4.18,overcast clouds
585,Little Current,CA,45.9793,-81.9248,18.41,70,97,12.3,overcast clouds
586,Seymchan,RU,62.8833,152.4333,-37.86,100,89,0.78,overcast clouds
587,Haileybury,CA,47.449,-79.6373,3.49,87,88,11.97,overcast clouds
588,Ginda,IN,30.6945,78.4932,30.02,44,48,6.76,scattered clouds
589,Morrinhos,BR,-17.7311,-49.0994,68.16,91,64,2.98,broken clouds
590,Ewa Beach,US,21.3156,-158.0072,82.35,51,20,11.01,few clouds
591,Prieska,ZA,-29.6641,22.7474,83.25,24,40,1.52,scattered clouds
592,Kimberley,ZA,-28.7323,24.7623,72.57,48,100,8.99,overcast clouds
593,Aswan,EG,24.0934,32.907,47.23,44,0,14.58,clear sky
594,Esna,EG,25.2934,32.554,44.98,58,0,10.2,clear sky
595,Diego De Almagro,CL,-26.3667,-70.05,68.88,40,0,5.66,clear sky
596,Fonte Boa,BR,-2.4959,-66.2662,73.71,98,53,0.58,broken clouds
597,Shelburne,CA,44.0787,-80.2041,9.66,86,50,9.62,scattered clouds
598,Armidale,AU,-30.5167,151.65,63.81,89,100,4.9,overcast clouds
599,Porto Novo,BJ,6.4965,2.6036,75.06,82,1,4.54,clear sky
600,Aykhal,RU,66.0,111.5,-9.71,84,80,7.05,broken clouds
601,Sooke,CA,48.3746,-123.7276,44.19,86,60,9.44,broken clouds
602,Marihatag,PH,8.7936,126.2969,79.39,87,39,3.89,scattered clouds
603,Candelaria,PH,13.9311,121.4233,78.39,90,59,5.21,broken clouds
604,Villa Carlos Paz,AR,-31.4241,-64.4978,75.06,39,91,11.01,overcast clouds
605,Morant Bay,JM,17.8815,-76.4093,80.22,82,11,6.78,few clouds
606,Bekessamson,HU,46.4167,20.6333,31.1,95,73,4.25,broken clouds
607,Grand Gaube,MU,-20.0064,57.6608,77.47,66,14,10.47,few clouds
608,Petropavlovsk-Kamchatskiy,RU,53.0452,158.6483,12.79,41,0,4.47,clear sky
609,Mata,PT,40.683,-7.4592,46.6,83,8,5.44,clear sky
610,Biloela,AU,-24.4167,150.5,84.85,54,94,6.73,overcast clouds
611,Talaya,RU,61.3833,152.75,-37.37,100,100,0.36,overcast clouds
612,Salym,RU,60.0625,71.4789,-0.98,98,98,4.83,overcast clouds
613,Shimoda,JP,34.6667,138.95,46.11,76,99,1.97,overcast clouds
614,Camapua,BR,-19.5314,-54.0439,80.31,65,89,4.85,overcast clouds
615,Romitan,UZ,39.9343,64.3814,33.75,80,0,6.91,clear sky
616,Medina Del Campo,ES,41.3124,-4.9141,39.94,74,1,5.35,clear sky
617,Bermeo,ES,43.4209,-2.7215,46.24,72,0,3.29,clear sky
618,Kysyl-Syr,RU,63.8986,122.7617,-11.74,100,99,3.65,overcast clouds
619,Agua Verde,MX,22.9,-106.05,75.29,62,70,9.15,broken clouds
620,Hokitika,NZ,-42.7167,170.9667,64.62,49,0,8.72,clear sky
621,Malanje,AO,-9.5402,16.341,62.65,98,100,3.11,overcast clouds
622,Blagoyevo,RU,63.3667,47.9167,1.02,100,96,3.69,overcast clouds
623,Katobu,ID,-4.9408,122.5276,81.03,79,98,4.07,overcast clouds
624,San Felipe,VE,10.3399,-68.7425,66.22,86,29,3.0,scattered clouds
625,Phalaborwa,ZA,-23.943,31.1411,69.96,93,100,6.15,light rain
626,Colares,PT,38.7992,-9.4469,56.28,56,75,7.0,broken clouds
627,Mandan,US,46.8267,-100.8896,35.58,84,100,25.32,overcast clouds
628,Chokwe,MZ,-24.5333,32.9833,73.98,94,98,4.38,overcast clouds
629,Adeje,ES,28.1227,-16.726,61.68,81,20,11.5,few clouds
630,Kovernino,RU,57.1253,43.8142,-4.58,100,99,3.18,light snow
631,Novokruchininskiy,RU,51.7833,113.7667,-25.4,100,67,2.89,broken clouds
632,Beira,MZ,-19.8436,34.8389,77.58,91,100,11.5,moderate rain
633,Port-Gentil,GA,-0.7193,8.7815,80.15,80,72,11.72,broken clouds
634,Acarau,BR,-2.8856,-40.12,78.01,86,100,10.16,overcast clouds
635,Linfen,CN,36.0889,111.5189,32.7,92,99,2.86,overcast clouds
636,Marzuq,YE,14.4,46.4667,57.74,72,0,2.71,clear sky
637,Santiago,CL,-33.4569,-70.6483,76.86,42,0,5.77,clear sky
638,Alipur Chatha,PK,32.2688,73.819,46.65,38,0,3.58,clear sky
639,Cabedelo,BR,-6.9811,-34.8339,79.47,79,35,12.53,scattered clouds
640,Campbell River,CA,50.0163,-125.2446,35.6,70,72,1.77,broken clouds
641,Szigetvar,HU,46.0486,17.8055,34.75,87,18,4.03,few clouds
642,Ilabaya,PE,-17.4208,-70.5133,66.51,78,89,4.41,overcast clouds
643,Jasper,US,37.2001,-94.3502,32.54,39,100,1.01,overcast clouds
644,Joao Pinheiro,BR,-17.7425,-46.1725,70.93,78,77,5.21,broken clouds
645,Mareeba,AU,-17.0,145.4333,81.48,93,97,1.92,light rain
646,Touros,BR,-5.1989,-35.4608,80.58,75,55,13.11,broken clouds
647,Mandalgovi,MN,45.7625,106.2708,-2.29,85,6,5.61,clear sky
648,Yangjiang,CN,21.85,111.9667,68.95,91,79,5.19,broken clouds
649,Ishigaki,JP,24.3448,124.1572,70.47,73,100,12.12,overcast clouds
650,Vestmannaeyjar,IS,63.4427,-20.2734,35.55,70,90,3.94,overcast clouds
651,Boguchany,RU,58.3814,97.4531,-10.05,100,99,2.48,overcast clouds
652,Semporna,MY,4.4818,118.6112,79.23,85,92,2.1,overcast clouds
653,Manicore,BR,-5.8092,-61.3003,72.1,99,100,1.36,overcast clouds
654,Palana,RU,59.1167,159.9667,1.78,92,100,12.35,overcast clouds
655,Kashi,CN,39.4547,75.9797,24.22,59,0,2.08,clear sky
656,Arinos,BR,-15.9169,-46.1056,70.0,90,89,1.28,heavy intensity rain
657,Panama City,PA,8.9936,-79.5197,80.55,71,20,8.05,few clouds
658,Izumo,JP,35.3667,132.7667,44.71,63,100,1.74,overcast clouds
659,Santa Isabel Do Rio Negro,BR,-0.4139,-65.0192,74.23,97,100,1.21,overcast clouds
660,San Andres,CO,12.5847,-81.7006,80.62,69,75,10.36,broken clouds
661,Pimentel,PE,-6.8367,-79.9342,70.07,82,99,11.59,overcast clouds
662,Warrnambool,AU,-38.3833,142.4833,84.81,71,76,7.25,broken clouds
663,Aberdeen,GB,57.1437,-2.0981,50.49,68,40,18.41,scattered clouds
664,Honningsvag,NO,70.9821,25.9704,30.16,78,100,9.86,light snow
665,Shebunino,RU,46.4339,141.8603,20.75,73,99,7.83,overcast clouds
666,Camana,PE,-16.6228,-72.7111,71.83,80,90,6.06,overcast clouds
667,Kupang,ID,-10.1667,123.5833,84.78,84,75,9.22,broken clouds
668,Xixiang,CN,35.1628,112.865,32.77,85,99,1.43,light snow
669,San Angelo,US,31.4638,-100.437,41.97,66,100,1.01,overcast clouds
670,Guerrero Negro,MX,27.9769,-114.0611,66.56,42,100,8.32,overcast clouds
671,Pedernales,DO,18.0384,-71.744,76.15,73,0,8.34,clear sky
672,Nueva Helvecia,UY,-34.3,-57.2333,68.59,80,100,23.2,overcast clouds
673,High Level,CA,58.5169,-117.136,19.49,90,25,3.85,scattered clouds
674,Surgut,RU,61.25,73.4167,3.38,85,40,6.71,light snow
675,Santa Luzia,BR,-19.7697,-43.8514,72.5,86,55,3.6,broken clouds
676,Kant,IN,27.8,79.8,45.81,87,0,5.79,clear sky
677,Sabancuy,MX,18.9667,-91.1833,75.04,84,16,14.18,few clouds
678,Escarcega,MX,18.6089,-90.7454,75.69,76,78,5.84,broken clouds
679,Vallenar,CL,-28.5708,-70.7581,73.99,52,0,5.75,clear sky
680,Moerai,PF,-22.4333,-151.3333,80.31,79,100,13.85,overcast clouds
681,Greenwood,US,34.1668,-82.1165,46.09,66,0,3.44,clear sky
682,Tupelo,US,34.2576,-88.7034,38.25,34,0,5.01,clear sky
683,Samokov,BG,42.3333,23.55,25.3,93,64,4.12,broken clouds
684,Sarangani,PH,5.4033,125.4636,81.7,79,74,18.7,broken clouds
685,Nantucket,US,41.2835,-70.0995,24.96,61,31,19.84,scattered clouds
686,Southbridge,US,42.0751,-72.0334,18.95,43,25,1.01,scattered clouds
687,Rosarito,MX,32.3333,-117.0333,68.77,50,9,4.5,clear sky
688,Prince Rupert,CA,54.3161,-130.3201,40.51,83,100,1.59,overcast clouds
689,Coromandel,BR,-18.4733,-47.2003,66.13,90,63,3.09,broken clouds
690,Sorkjosen,NO,69.8,20.9333,24.13,76,99,4.5,light snow
691,Teguldet,RU,57.3064,88.1667,-4.16,100,98,1.79,overcast clouds
692,Te Anau,NZ,-45.4167,167.7167,58.32,48,48,4.18,scattered clouds
693,Dera Bugti,PK,29.0307,69.151,50.81,23,0,5.82,clear sky
694,Sitia,GR,35.2,26.0986,45.99,65,89,29.15,overcast clouds
695,Dharchula,IN,29.85,80.5333,37.22,77,80,5.86,broken clouds
696,Zhangye,CN,38.9342,100.4517,17.4,49,100,2.24,overcast clouds
697,Hedaru,TZ,-4.5,37.9,68.9,92,26,3.42,scattered clouds
698,Pathein,MM,16.7833,94.7333,65.07,85,4,3.85,clear sky
699,Moindou,NC,-21.6924,165.677,84.15,65,40,8.72,scattered clouds
700,Sorong,ID,-0.8833,131.25,82.81,76,100,8.25,overcast clouds
701,Thongwa,MM,16.7619,96.5278,69.96,64,2,5.44,clear sky
702,Kamsack,CA,51.5667,-101.9009,20.84,85,100,16.06,overcast clouds
703,Ilhabela,BR,-23.7781,-45.3581,77.7,88,26,6.2,scattered clouds
704,Ugoofaaru,MV,5.6667,73.0,78.94,62,94,9.28,overcast clouds
